<?xml version="1.0"?>
<config xmlns:xsi="http://www.w3.org/2001/XMLSchema-instance" xsi:noNamespaceSchemaLocation="urn:magento:module:Magento_Config:etc/system_file.xsd">
    <system>
        <section id="testimonials" translate="label" type="text" sortOrder="2021" showInDefault="1" showInWebsite="1" showInStore="1">
            <class>separator-top</class>
            <label>Testimonials</label>
            <tab>swissup</tab>
            <resource>Swissup_Testimonials::config_testimonials</resource>

            <group id="general" translate="label" type="text" sortOrder="10" showInDefault="1" showInWebsite="1" showInStore="1">
                <label>General</label>
                <field id="approve" translate="label" type="select" sortOrder="10" showInDefault="1" showInWebsite="1" showInStore="1">
                    <label>Automatically approve testimonials</label>
                    <source_model>Magento\Config\Model\Config\Source\Yesno</source_model>
                </field>
                <field id="top_links" translate="label" type="select" sortOrder="20" showInDefault="1" showInWebsite="1" showInStore="1">
                    <label>Add link to top links</label>
                    <source_model>Magento\Config\Model\Config\Source\Yesno</source_model>
                </field>
                <field id="footer_links" translate="label" type="select" sortOrder="30" showInDefault="1" showInWebsite="1" showInStore="1">
                    <label>Add link to footer links</label>
                    <source_model>Magento\Config\Model\Config\Source\Yesno</source_model>
                </field>
                <field id="allow_guest_submit" translate="label" type="select" sortOrder="40" showInDefault="1" showInWebsite="1" showInStore="1">
                    <label>Allow guests to submit testimonials</label>
                    <source_model>Magento\Config\Model\Config\Source\Yesno</source_model>
                </field>
            </group>

            <group id="list" translate="label" type="text" sortOrder="20" showInDefault="1" showInWebsite="1" showInStore="1">
                <label>Testimonials List</label>
                <field id="layout" translate="label" type="select" sortOrder="10" showInDefault="1" showInWebsite="1" showInStore="1">
                    <label>Testimonials list layout</label>
                    <source_model>Swissup\Testimonials\Model\Config\Source\Layouts</source_model>
                </field>
                <field id="items_per_page" translate="label" type="text" sortOrder="20" showInDefault="1" showInWebsite="1" showInStore="1">
                    <label>Testimonials per page</label>
                </field>
                <field id="image_width" translate="label" type="text" sortOrder="30" showInDefault="1" showInWebsite="1" showInStore="1">
                    <label>Image width</label>
                </field>
                <field id="image_height" translate="label" type="text" sortOrder="40" showInDefault="1" showInWebsite="1" showInStore="1">
                    <label>Image height</label>
                </field>
                <field id="placeholder_image" translate="label comment" type="image" sortOrder="60" showInDefault="1" showInWebsite="1" showInStore="1">
                    <label>Image placeholder</label>
                    <comment>Allowed file types:PNG, GIF, JPG, JPEG, SVG.</comment>
                    <backend_model>Swissup\Testimonials\Model\Config\Backend\Image\Placeholder</backend_model>
                    <upload_dir config="system/filesystem/media" scope_info="1">testimonials/image</upload_dir>
                    <base_url type="media" scope_info="1">testimonials/image</base_url>
                </field>
                <field id="show_email" translate="label" type="select" sortOrder="70" showInDefault="1" showInWebsite="1" showInStore="1">
                    <label>Show user email in testimonials list</label>
                    <source_model>Magento\Config\Model\Config\Source\Yesno</source_model>
                </field>
            </group>

            <group id="form" translate="label" type="text" sortOrder="30" showInDefault="1" showInWebsite="1" showInStore="1">
                <label>Testimonials Submit Form</label>
                <field id="layout" translate="label" type="select" sortOrder="10" showInDefault="1" showInWebsite="1" showInStore="1">
                    <label>Testimonials form layout</label>
                    <source_model>Swissup\Testimonials\Model\Config\Source\Layouts</source_model>
                </field>
                <field id="enable_company" translate="label" type="select" sortOrder="20" showInDefault="1" showInWebsite="1" showInStore="1">
                    <label>Enable company field</label>
                    <source_model>Magento\Config\Model\Config\Source\Yesno</source_model>
                </field>
                <field id="enable_website" translate="label" type="select" sortOrder="30" showInDefault="1" showInWebsite="1" showInStore="1">
                    <label>Enable website field</label>
                    <source_model>Magento\Config\Model\Config\Source\Yesno</source_model>
                </field>
                <field id="enable_twitter" translate="label" type="select" sortOrder="40" showInDefault="1" showInWebsite="1" showInStore="1">
                    <label>Enable twitter field</label>
                    <source_model>Magento\Config\Model\Config\Source\Yesno</source_model>
                </field>
                <field id="enable_facebook" translate="label" type="select" sortOrder="50" showInDefault="1" showInWebsite="1" showInStore="1">
                    <label>Enable facebook field</label>
                    <source_model>Magento\Config\Model\Config\Source\Yesno</source_model>
                </field>
                <field id="rating_required" translate="label" type="select" sortOrder="60" showInDefault="1" showInWebsite="1" showInStore="1">
                    <label>Rating is required</label>
                    <source_model>Magento\Config\Model\Config\Source\Yesno</source_model>
                </field>
                <field id="sent_message" translate="label" type="textarea" sortOrder="70" showInDefault="1" showInWebsite="1" showInStore="1">
                    <label>Message shown after testimonial sent</label>
                </field>
            </group>

            <group id="email_admin" translate="label" type="text" sortOrder="40" showInDefault="1" showInWebsite="1" showInStore="1">
                <label>Administrator Email Notifications</label>
                <field id="send_enable" translate="label" type="select" sortOrder="10" showInDefault="1" showInWebsite="1" showInStore="1">
                    <label>Email notification for admin on new testimonial</label>
                    <source_model>Magento\Config\Model\Config\Source\Yesno</source_model>
                </field>
                <field id="send_from" translate="label" type="select" sortOrder="20" showInDefault="1" showInWebsite="1" showInStore="1">
                    <label>Send email from</label>
                    <source_model>Magento\Config\Model\Config\Source\Email\Identity</source_model>
                </field>
                <field id="admin_email" translate="label" type="text" sortOrder="30" showInDefault="1" showInWebsite="1" showInStore="1">
                    <label>Administrator email</label>
                </field>
                <field id="email_subject" translate="label" type="text" sortOrder="40" showInDefault="1" showInWebsite="1" showInStore="1">
                    <label>Administrator email subject</label>
                </field>
                <field id="email_template" translate="label comment" type="select" sortOrder="50" showInDefault="1" showInWebsite="1" showInStore="1">
                    <label>Administrator email template</label>
                    <comment>Email template chosen based on theme fallback when "Default" option is selected.</comment>
                    <source_model>Magento\Config\Model\Config\Source\Email\Template</source_model>
                </field>
            </group>
        </section>
    </system>
</config>
