<?xml version="1.0"?>
<config xmlns:xsi="http://www.w3.org/2001/XMLSchema-instance" xsi:noNamespaceSchemaLocation="urn:magento:framework:Acl/etc/acl.xsd">
    <acl>
        <resources>
            <resource id="Magento_Backend::admin">
                <resource id="Swissup_Core::swissup">
                    <resource id="Swissup_Core::general">
                        <resource id="Swissup_Testimonials::testimonials" title="Testimonials" sortOrder="2021">
                            <resource id="Swissup_Testimonials::save" title="Save" sortOrder="10" />
                            <resource id="Swissup_Testimonials::delete" title="Delete" sortOrder="20" />
                            <resource id="Swissup_Testimonials::approve" title="Approve" sortOrder="30" />
                        </resource>
                    </resource>
                </resource>
                <resource id="Magento_Backend::stores">
                    <resource id="Magento_Backend::stores_settings">
                        <resource id="Magento_Config::config">
                            <resource id="Swissup_Core::swissup_config">
                                <resource id="Swissup_Testimonials::config_testimonials" title="Testimonials" sortOrder="2021"/>
                            </resource>
                        </resource>
                    </resource>
                </resource>
            </resource>
        </resources>
    </acl>
</config>
